1) Return ALL the data in the 'movies' table.

SELECT * FROM movies;

 id |                title                | year | show_time 
----+-------------------------------------+------+-----------
  1 | Iron Man                            | 2008 | 15:40
  2 | The Incredible Hulk                 | 2008 | 23:45
  3 | Iron Man 2                          | 2010 | 17:45
  4 | Thor                                | 2011 | 14:40
  5 | Captain America: The First Avenger  | 2011 | 17:05
  6 | Avengers Assemble                   | 2012 | 12:30
  7 | Iron Man 3                          | 2013 | 18:00
  8 | Thor: The Dark World                | 2013 | 18:55
  9 | Batman Begins                       | 2005 | 16:30
 10 | Captain America: The Winter Soldier | 2014 | 19:20
 11 | Guardians of the Galaxy             | 2014 | 12:10
 12 | Avengers: Age of Ultron             | 2015 | 23:40
 13 | Ant-Man                             | 2015 | 18:20
 14 | Captain America: Civil War          | 2016 | 22:00
 15 | Doctor Strange                      | 2016 | 16:30
(15 rows)





2) Return ONLY the name column from the 'people' table

SELECT name FROM people;

       name       
------------------
 James Annal
 Harrison Booth
 Graeme Cameron
 Sean Fealy
 Julia Franzoi
 Ben Frith
 Andrew Guppy
 Nina Kahr
 Camden Lohman
 Andrew Lonsdale
 Rory MacDonald
 Steven Noble
 Amy Robinson
 David Scott
 Lorna Sherwood
 Peter Trizuliak
 Blaise Wielk
 Kristie Yorkston
 Craig Morton
(19 rows)






3) Return ONLY your name from the 'people' table.

SELECT name FROM people where name = 'Nina Kahr';

   name    
-----------
 Nina Kahr
(1 row)






4) The cinema is showing 'Batman Begins', but Batman is DC, not Marvel! Delete the entry from the 'movies' table.

DELETE FROM movies WHERE title = 'Batman Begins';

DELETE 1







5) Create a new entry in the 'people' table with the name of one of the instructors.
Craig Morton, has decided to hijack our movie evening, Remove him from the table of people

INSERT INTO people (name) VALUES ('Matthew Healy');

INSERT 0 1

DELETE FROM people WHERE name = 'Craig Morton';

DELETE 1







6) Somehow the list of people includes two people named 'Andrew'. Change one entry to 'Andy' and leave the other entry as 'Andrew'

UPDATE people SET name = 'Andy Guppy' WHERE name = 'Andrew Guppy';

UPDATE 1







7) The cinema has just heard that they will be holding an exclusive midnight showing of 'Guardians of the Galaxy 2'!! Create a new entry in the 'movies' table to reflect this.

INSERT INTO movies (title, year, show_time) VALUES ('Guardians of the Galaxy 2', 2016, '00:00');

INSERT 0 1







8) The cinema would also like to make the Guardian movies a back to back feature. Update the 'Guardians of the Galaxy' show time from 12:10 to 21:30

UPDATE movies SET show_time = '21:30' WHERE title = 'Guardians of the Galaxy' AND show_time = '12:10';

UPDATE 1